Area,Promedio,Mediana,DesvEst,EnRiesgo
DevOps,77.12609970674487,81.81818181818183,20.174304872548984,7
IT Support,65.9090909090909,65.9090909090909,21.121741077097465,11
Networking,72.31404958677686,81.81818181818183,19.58387901853499,8
Security,75.83732057416267,86.36363636363636,20.499537026897528,5
